{"accuracy": 0.9436363636363636, "specificity": 0.933579335793358, "sensitivity": 0.953405017921147}