{"accuracy": 0.8893939393939394, "specificity": 0.8948339483394834, "sensitivity": 0.8841099163679809}